DROP TABLE IF EXISTS "PRESENTER";
CREATE TABLE "PRESENTER" ("PRESENTER_ID" INTEGER NOT NULL , "PRESENTER_NAME" TEXT, "PRESENTER_DESCRIPTION" TEXT);
INSERT INTO "PRESENTER" VALUES(1,'Tyler Durden','or is it?');
INSERT INTO "PRESENTER" VALUES(2,'Frodo Baggins','Bag end');
INSERT INTO "PRESENTER" VALUES(3,'Hal Jordan','Protector of sector 2814');
INSERT INTO "PRESENTER" VALUES(4,'Cosmo Kramer','aka Dr. Van Nostrand');
INSERT INTO "PRESENTER" VALUES(5,'Smaug','+100 fire damage');
INSERT INTO "PRESENTER" VALUES(6,'James Franco','');
DROP TABLE IF EXISTS "TOPIC";
CREATE TABLE "TOPIC" ("TOPIC_ID" INTEGER NOT NULL , "TOPIC_NAME" TEXT, "TOPIC_DESCRIPTION" TEXT);
INSERT INTO "TOPIC" VALUES(1,'Heart Disease','Disease of the heart.');
INSERT INTO "TOPIC" VALUES(2,'Foot and Mouth','An infectious and sometimes fatal disease that affects cloven-hoofed animals.');
INSERT INTO "TOPIC" VALUES(3,'Spontaneous Human Combustion','This really happens.');
INSERT INTO "TOPIC" VALUES(4,'Mutations','Wolverine, Gambit, Cyclops...');
INSERT INTO "TOPIC" VALUES(5,'Hobbits','Boil ''em, mash ''em, stick ''em in a stew');
INSERT INTO "TOPIC" VALUES(6,'Bears','Black, brown, polar, yogi...');
INSERT INTO "TOPIC" VALUES(7,'Funny Cat Videos','lol');
INSERT INTO "TOPIC" VALUES(8,'Upside-down Ferris wheels','');
INSERT INTO "TOPIC" VALUES(9,'Underwater horseback riding','');
DROP TABLE IF EXISTS "VIDEO";
CREATE TABLE "VIDEO" ("VIDEO_ID" INTEGER PRIMARY KEY  AUTOINCREMENT  NOT NULL , "TITLE" TEXT, "TIME" TEXT, "PRESENTER" INTEGER NOT NULL , "TOPIC" INTEGER NOT NULL , "DESCRIPTION" TEXT, "DATE" TEXT);
INSERT INTO "VIDEO" VALUES(1,'April 91 incendiary at premiere of Backdraft','9:51',4,3,'Dr. Van Nostrand recounts his involvement in the shocking combustion that took place inside a movie theatre where 21 people simultaneously underwent SHC.  Obvious theories for causation revolve around the context	of the film, however no direct correlation has been confirmed. Dr Nostrand will be presenting his hypothesis placing the cause on an abnormal amount of gamma radiation found in the Milk Duds.
','October 4, 2010');
INSERT INTO "VIDEO" VALUES(2,'The effects mithril has on SHC','12:45',5,3,'Smaug recounts his knowledge on the topic of combustion occuring upon persons donning mithril.','November 5, 2009');
INSERT INTO "VIDEO" VALUES(3,'Cartoon Characters with Foot ''n Mouth','23:10',3,2,'Hal Jordan discusses the misconceptions cartoon characters have between foot in mouth and foot and mouth.','June 2, 2008');
INSERT INTO "VIDEO" VALUES(4,'Marvel vs DC','30:00',3,4,'Hal Jordan recounts the cross-universe battle between Professor X and the Guardians of Oa.','April 4, 1999');
INSERT INTO "VIDEO" VALUES(5,'Upside-down ferris wheels 101','59:51',1,8,'Tyler Durden discusses the history and architecture of these feats of modern engineering.','January 29, 2011');
INSERT INTO "VIDEO" VALUES(6,'Hobbytes','42:12',2,5,'Frodo talks about his new adventure with his 7 companions.','September 9, 2007');
INSERT INTO "VIDEO" VALUES(7,'SHC and Me','1:45:55',6,3,'James Franco talks about his new venture into controlling SHC for his new part in the Fantastic Four movie.','December 12, 2010');
DROP TABLE IF EXISTS "android_metadata";
CREATE TABLE "android_metadata" ("locale" TEXT DEFAULT 'en_US');
INSERT INTO "android_metadata" VALUES('en_US');
